"Product title","Product variant title","Product variant SKU","Net items sold","Gross sales","Discounts","Returns","Net sales","Taxes","Total sales"
"Neem & Turmeric Powder in Veg Caps Comb Pack, 100 pcs each","Default Title","HI0001000001",1116,23793,-275.02,-219.49,23298.49,0,23298.49
"Linga Bhairavi Gudi (Miniature Devi Temple)","Default Title","0111025",30,19684,0,-1554,18130,0,18130
"New Instant Sanjeevini Multigrain Health Drink Mix(500 gms). No Added Sugar.","Default Title","NF0006206901",644,7533,0,-52,7481,0,7481
"Pure A2 Desi Cow Ghee(500gm)","Default Title","NF0003106901",143,7056,0,-192,6864,0,6864
"Raw Himalayan Honey, 500 gm","Default Title","8905795000551",264,5280,0,0,5280,0,5280
"Panchamukhi Rudraksha Mala - Bead size 5 mm","Default Title","0111007",52,4452,0,-84,4368,0,4368
"Sanjeevini Multigrain Health Drink Mix, 500 gm","Default Title","NF0006106901",388,3735,0,-145,3590,0,3590
"Consecrated Isha Gauri-Shankar Rudraksha","Default Title","0111009",8,3200,0,0,3200,0,3200
"Dhyanalinga Yantra with Wooden Frame (12 mm)","Default Title","TC0000816900",7,2660,0,0,2660,0,2660
"Adiyogi Statue (12 inch, Metal)","Default Title","TC0007517100",7,2450,0,0,2450,0,2450
"Organic Incense Sandal, 50 Sticks","Default Title","HO0026917101",400,2400,0,0,2400,0,2400
"Bhuta Shuddhi Bhoomi Refill - 16gm","Default Title","YS0008305501",111,2260,0,-40,2220,0,2220
"New Instant Sanjeevini Multigrain Health Drink Mix (250 gms). No sugar Added.","Default Title","8905795000377",333,2493,-167.88,-215.71,2109.41,0,2109.41
"Natural Honey, 500 gm","Default Title","8905795000537",112,2034,0,-18,2016,0,2016
"Triphala Chooranam Tablet","Default Title","HI0003200001",317,1908,0,-6,1902,0,1902
"Organic Turmeric (Haldi) Powder","Default Title","8905795000292",334,1710,0,-40,1670,0,1670
"Handmade Sambrani with Cow Dung Cup, 12 Pcs","Default Title","0110228",254,1560,0,-36,1524,0,1524
"Herbal Toothpaste (Paraben, Fluoride, SLS, & SLES Free), 150 gm","Default Title","BC0000706501",294,1505,0,-35,1470,0,1470
"3 Month Bhuta Shuddhi Refill - Camphor","Default Title","0111035",146,1460,0,0,1460,0,1460
"Kashmir Natural Honey, 500 gm","Default Title","8905795000506",53,1482,0,-104,1378,0,1378
"Vibhuti Energized","Default Title","TC0002500000",270,1355,0,-5,1350,0,1350
"Panchamukhi Rudraksha Mala - Bead size 7 mm","Default Title","0111003",41,1908,-471.5,-196.25,1240.25,0,1240.25
"Hammered Copper Water Bottle, 950 ml","Default Title","0601054",33,1155,0,0,1155,0,1155
"Jeevarasam (Consecrate water at home)","Default Title","0111019",10,1080,0,0,1080,0,1080
"Pancha Bhuta Dharba Grass Meditation Mat","Default Title","0402062",18,1026,0,0,1026,0,1026
"Organic Incense Jasmine, 50 Sticks","Default Title","HO0026817101",162,978,0,-6,972,0,972
"Handmade Dasangam with Cow Dung Cups, 12 Pcs","Default Title","0110229",126,882,0,0,882,0,882
"Hammered Copper Water Jug, 1.5 Liters","Default Title","0601063",16,935,0,-55,880,0,880
"Meditation Chair (Steel)","Default Title","0106546",10,880,0,0,880,0,880
"Linga Bhairavi Silver Pendant - Small","Default Title","0111021",8,972,0,-108,864,0,864
"Sanjeevini Pain Reliever Oil 100ml","Default Title","HI0002103101",78,869,0,-11,858,0,858
"Nilavembu Kasayam Tab 60nos","Default Title","8905795001022",84,840,0,0,840,0,840
"Neem Powder (100 gm). Helps in daily detox","Default Title","HI0000906301",279,897,-39.3,-40.35,817.35,0,817.35
"Hammered Copper Water Storage Pot, 8 Liters","Default Title","0105669",5,800,0,0,800,0,800
"Linga Bhairavi Abhaya Sutra","Default Title","0111068",395,790,0,0,790,0,790
"Cotton Yoga Mat Rubber Coated","Default Title","0402022",22,770,0,0,770,0,770
"Organic Cotton Rug Yoga Mat","Default Title","YS0011600000",10,847,0,-77,770,0,770
"Ojasvini Herbal Snanam Powder (Bath Powder), 500 gm","Default Title","8904256305334",51,765,0,0,765,0,765
"Tulsi Tablet, 60 pcs - Respiratory support","Default Title","8905795000841",145,745,0,-20,725,0,725
"Adiyogi Statue (6 inch, Metal)","Default Title","0111085",7,800,0,-100,700,0,700
"Guru Pooja Set","Default Title","YS0006400000",13,650,0,0,650,0,650
"Consecrated Silver Snake Ring","M","0113678M",16,720,0,-80,640,0,640
"Pancha Bhuta Kit","Default Title","PBK_SG_1",42,630,0,0,630,0,630
"Sadhguru Quote Copper Bottle. For storing and drinking water. A festive gift for home and office.","Default Title","0601139",17,612,0,0,612,0,612
"Pure Multifloral Honey - 500 gms","Default Title","8905795000568",40,660,0,-60,600,0,600
"Mystical Dharba Grass Meditation Mat","Default Title","0402048",10,570,0,0,570,0,570
"Linga Jyoti (Consecrated)","Default Title","0111011",8,560,0,0,560,0,560
"Copper Glass / Tumbler, 400 ml","Default Title","0105628",30,540,0,0,540,0,540
"Linga Bhairavi Silver long Chain. Holds Linga Bhairavi Gold, Silver and Copper pendants","Default Title","CA0042300009",4,524,0,0,524,0,524
"Devi Offering Plate / Gudi Plate","Default Title","0111053",13,520,0,0,520,0,520
"Adiyogi Copper Drinkware Set","Default Title","YS0014200000",8,520,0,0,520,0,520
"Inner Engineering: A Yogi’s Guide to Joy","Default Title","9780143428848",16,640,-130.44,0,509.56,0,509.56
"Cotton Rug Yoga Mat - Orange","Default Title","YS0010800000",14,490,0,0,490,0,490
"Bloom Pollution Defence Organic Face Serum With Lotus Extract (All Skin Types) - 30ml","Default Title","0116065",18,550,0,-100,450,0,450
"Copper Water Storage Pot (Jeevarasam Pot), 10 Liters","Default Title","0111049",2,444,0,0,444,0,444
"Karma - A Yogi's Guide to Crafting Your Destiny","Default Title","9780143452676",19,560,-91.31,-28,440.69,0,440.69
"Bloom Hair Fall Control & Repair Organic Hair Serum With Brahmi & Kalmegh Extract (All Hair Types) - 30ml","Default Title","0116058",22,440,0,0,440,0,440
"Enlightenment - A new beginning","Default Title","ME0042401500",28,420,0,0,420,0,420
"Unisex Undyed Dhoti Pant - Organic Cotton","M","0201108M",19,440,0,-22,418,0,418
"Instant Herbal Dhoop, 20 pcs","Default Title","8905795001480",205,410,0,0,410,0,410
"Copper Water Storage Pot (Jeevarasam Pot), 5 Liters","Default Title","0111051",3,405,0,0,405,0,405
"Consecrated Silver Snake Ring","L","0113678L",10,400,0,0,400,0,400
"Devi Kumkum - Big","Default Title","0111030",133,399,0,0,399,0,399
"Bloom Hairfall Control & Repair Organic Shampoo with Shikakai and Jatamansi (All hair types) - 200ml","Default Title","0116051",16,392,0,0,392,0,392
"Unisex Organic Cotton Sadhana Track Pant - White","M","0401164M",21,385,0,0,385,0,385
"Bamboo Toothbrush - Adult","Default Title","0106737",75,380,0,-5,375,0,375
"Organic Pranayam Cushion","Default Title","0402039",37,380,0,-10,370,0,370
"Copper Water Bottle Engraved with Yogeshwaraya Chant, 450 ml","Default Title","0111159",13,364,0,0,364,0,364
"Jamun Honey","Default Title","8905795033603",15,360,0,0,360,0,360
"A Taste of Well Being","Default Title","9789351363781",27,434,-61.1,-25.45,347.45,0,347.45
"Sadhguru Quote Copper Bottle- Black. For storing and drinking water. A festive gift for home and office.","Default Title","0601141",7,336,0,0,336,0,336
"Triphala Chooranam, 100 gm","Default Title","HI0003306301",60,330,0,0,330,0,330
"Kesh Jyoti (Herbal Shampoo Powder), 100 gm","Default Title","BC0001906301",65,325,0,0,325,0,325
"Chakra copper cuff. Crafted of pure copper with the mantras of the seven chakras engraved across its length","Default Title","0113892",18,342,0,-18,324,0,324
"Kailash Teerth (Water from Mount Kailash)","Default Title","8908005905660",3,324,0,0,324,0,324
"Consecrated Silver Snake Ring","S","0113678S",8,320,0,0,320,0,320
"Hammered Wick Flower Lamp","Default Title","0105281",9,315,0,0,315,0,315
"Bloom Extra Nourishment & Protection Organic Hair Serum With Buriti Oil & Almond Oil (All Hair Types) - 30ml","Default Title","0116057",11,336,0,-28,308,0,308
"Samyama Unisex Organic Cotton Half-sleeve Sadhana T-Shirt - White","Medium","0401162M",20,300,0,0,300,0,300
"Pancha Bhuta Pranayam Cushion","Default Title","0402061",30,300,0,0,300,0,300
"Consecrated Copper Snake Ring","M","0111014",109,366,-49.08,-19.35,297.57,0,297.57
"Herbal Toothpaste (Paraben, Fluoride, SLS, & SLES Free), 50 gm","Default Title","BC0000706001",96,306,0,-18,288,0,288
"Organic Dhoti Pant - Black","M","0201110M",13,286,0,0,286,0,286
"Bloom Hair Fall Control & Repair Organic Conditioner with Hibiscus & Grapeseed Extract (All Hair Types) - 100ml","Default Title","0116053",20,294,0,-14,280,0,280
"Adiyogi Rudraksha with copper chain. Consecrated Isha Panchamukhi (five faced) Rudraksha bead.","Default Title","RS0000100000",23,288,0,-12,276,0,276
"Linga Bhairavi Lamp. Brass lamp. Strong and sturdy oil lamp","Default Title","0111076",5,275,0,0,275,0,275
"Honey Amla, 500 gm","Default Title","8905795000407",13,260,0,0,260,0,260
"Organic Cotton Meditation Mat","Default Title","0402042",7,259,0,0,259,0,259
"Consecrated Devi Cotton Shawl (Angavastram)","Default Title","0111189",21,252,0,0,252,0,252
"Small Copper Water Bottle With Sadhguru Quote, 500ml","Default Title","0111270",9,252,0,0,252,0,252
"Copper Water Bottle With Adiyogi Imprint - 900 ml","Default Title","YS0014100000",5,250,0,0,250,0,250
"Bhairavi Raksha","L","0111226",4,248,0,0,248,0,248
"Bloom Extra Nourishment & Protection Organic Shampoo with Bhringraj & Henna (All Hair Types) - 200ml","Default Title","0116052",10,245,0,0,245,0,245
"Organic Incense Sage, 10 Sticks","Default Title","HO0027300001",161,244.5,0,-3,241.5,0,241.5
"Adiyogi Silver Earring","Default Title","0113604",4,240,0,0,240,0,240
"Shivanga Kit with Mala","Default Title","0111267",16,240,0,0,240,0,240
"Disc Camphor for Linga Bhairavi","Default Title","Disc_Camphor",79,237,0,0,237,0,237
"Bhairavi Sadhana Kit - English","Default Title","0114301",79,237,0,0,237,0,237
"Linga Bhairavi Silver Pendant - Medium","Default Title","0111022",2,232,0,0,232,0,232
"Mystical Meditation Mat","Default Title","0402051",6,222,0,0,222,0,222
"Men Organic Cotton Knitted Drawstring Pants - White","S","0201105S",9,220.5,0,0,220.5,0,220.5
"Death - An Inside Story","Default Title","9780143450832",11,240,0,-20,220,0,220
"Bloom Refreshing & Skin Brightening Shower Gel With Saffron & Sandal Extract (All Skin Types) - 200ml","Default Title","0116068",12,210,0,0,210,0,210
"Handcrafted Hanging Iron Bell","Default Title","0105886",7,210,0,0,210,0,210
"Consecrated Copper Snake Ring","L","0111015",69,210,0,-3,207,0,207
"Miracle of Mind T-shirt","M","CA01950",21,264,-46.96,-12,205.04,0,205.04
"Indian Experience Pranayama Cushion","Default Title","0402056",17,204,0,0,204,0,204
"Linga Bhairavi Copper Pendant - Medium","Default Title","0111016",20,200,0,0,200,0,200
"Isha Balm - 20gms","Default Title","HI0002705601",40,200,0,0,200,0,200
"Organic Dharbha Grass Meditation yoga Mat","Default Title","0402040",4,200,0,0,200,0,200
"Bhairavi Raksha","M","0111225",4,200,0,0,200,0,200
"Hammered Copper Uruli - Medium","Default Title","0105301",3,198,0,0,198,0,198
"Unisex Undyed Dhoti Pant - Organic Cotton","S","0201108S",9,198,0,0,198,0,198
"Adiyogi Copper Water Bottle, 950 ml","Default Title","0105969",3,198,0,0,198,0,198
"Consecrated Adiyogi Cotton Shawl","Default Title","0111137",14,196,0,0,196,0,196
"Dwimukhi Rudraksha Beads - Two Faced","Default Title","0111008",13,240,0,-45,195,0,195
"Unisex Organic Cotton Sadhana Track Pant - White","S","0401164S",10,250,0,-60,190,0,190
"Unisex Organic Cotton Sadhana Track Pant - White","L","0401164L",10,190,0,0,190,0,190
"Organic Incense Lotus, 10 Sticks","Default Title","HO0027200001",122,183,0,0,183,0,183
"Linga Bhairavi Copper Pendant - Small","Default Title","0111073",36,180,0,0,180,0,180
"Devi Vastram","Default Title","0111026",60,195,0,-15,180,0,180
"Sadhguru Photo - 20x20 (With Frame)","Default Title","0801252",6,180,0,0,180,0,180
"Consecrated Copper Snake Ring","S","0111013",60,186,0,-6,180,0,180
"Unisex Undyed Dhoti Pant - Organic Cotton","L","0201108L",8,176,0,0,176,0,176
"Bloom Hair Fall Control & Repair Organic Hair Oil With Sesame Oil & Methi Extract (All Hair Types) - 100ml","Default Title","0116056",9,195,0,-19.5,175.5,0,175.5
"Bloom All in 1 Organic Face Wash WIth Sandalwood & Turmeric Extract (All Skin Types) - 100ml","Default Title","0116060",10,175,0,0,175,0,175
"Linga Bhairavi Camphor","Default Title","HO0072400000",29,174,0,0,174,0,174
"Men Organic Cotton Knitted Drawstring Pants - White","L","0201105L",7,171.5,0,0,171.5,0,171.5
"Hammered Copper Uruli - Small","Default Title","0105302",3,220,0,-55,165,0,165
"Adiyogi Statue (4 inch, Plastic)","Default Title","0111087",27,232.5,-44.12,-25.22,163.16,0,163.16
"Mystic's Musings","Default Title","9788184959840",8,180,0,-20,160,0,160
"Adiyogi Copper Earring","Default Title","0113614",10,160,0,0,160,0,160
"Linga Bhairavi Pendant Rope","Default Title","CA0035800000",51,159,0,-6,153,0,153
"Devi Kumkum (Small). Consecrated. Made from natural ingredients.","Default Title","0111027",102,153,0,0,153,0,153
"Eternal Echoes - A Book Of Poems (1994-2021)","Default Title","EBK_001",3,150,0,0,150,0,150
"Bloom Shine & Glow Skin Brightening Organic Face Wash With Orange & Licorice Extract (All Skin Types) - 100ml","Default Title","0116061",10,165,0,-15,150,0,150
"Women Organic Cotton Knitted Drawstring Pants - Beige","S","0202533S",6,147,0,0,147,0,147
"Kasthuri Manjal (Wild Turmeric Face Pack), 50 gm","Default Title","8905795001404",29,145,0,0,145,0,145
"Men’s Organic Cotton Sadhana Pyjama - White","M","0201120M",4,144,0,0,144,0,144
"Organic Incense Camphor, 10 Sticks","Default Title","HO0027500001",94,142.5,0,-1.5,141,0,141
"Pancha Bhuta Meditation Mat","Default Title","0402063",4,175,0,-35,140,0,140
"Organic Plain Dhoti Pant Indigo","M","0201228",4,140,0,0,140,0,140
"Avighna Yantra Sutra","Default Title","0111309",5,140,0,0,140,0,140
"Cotton White Shawl","Default Title","0203352",7,140,0,0,140,0,140
"Organic Plain Dhoti Pant Olive","M",,4,140,0,0,140,0,140
"Moon phases wall hanging - Vertical","Default Title","0105963",7,140,0,0,140,0,140
"Organic Incense Sandal - 10 Sticks","Default Title","HO0026917001",93,139.5,0,0,139.5,0,139.5
"Unisex Organic Cotton Sadhana Track Pant - White","XL","0401164XL",7,135,0,0,135,0,135
"Beeswax Natural Oil Perfume - Relax","Default Title","0110235",9,150,0,-15,135,0,135
"Handloom cotton towel natural dyed - Large","Default Title","0402076",7,133,0,0,133,0,133
"Aum Namah Shivaya Adjustable Hammered Copper Cuff","Default Title","CA0120500000",12,132,0,0,132,0,132
"Copper Tumbler, 200 ml","Default Title","0105101",12,132,0,0,132,0,132
"Organic Incense Lavander, 10 Sticks","Default Title","0110028",87,132,0,-1.5,130.5,0,130.5
"Organic Incense Vanila Yalang, 10 Sticks","Default Title","HO0028200001",87,130.5,0,0,130.5,0,130.5
"Bhairavi Raksha","S","0111224",3,126,0,0,126,0,126
"Arthi Stand","Default Title","0111045",5,150,0,-25,125,0,125
"Unisex IE 7 Step T-shirt","M","CA0118700300",12,180,-56.12,0,123.88,0,123.88
"Organic Incense Night Queen, 10 Sticks","Default Title","HO0027900001",82,123,0,0,123,0,123
"Women Organic Cotton Embroidered Aum Kurta - Coral","M","0202530M",5,122.5,0,0,122.5,0,122.5
"Men Organic Cotton Embroidered Aum Kurta - White","L","0201102L",7,140,0,-17.5,122.5,0,122.5
"Men Organic Cotton Embroidered Aum Kurta - White","S","0201102S",7,122.5,0,0,122.5,0,122.5
"Organic Incense Musk, 10 Sticks","Default Title","HO0027100001",80,123,0,-3,120,0,120
"Beeswax Natural Oil Perfume - Lily of the Valley","Default Title","0110234",8,135,0,-15,120,0,120
"Handcrafted Antique Diya (Deepam) with Base","Default Title","0105115",10,120,0,0,120,0,120
"Organic Unisex Printed Dhoti Pant Indigo","M","0201233",3,120,0,0,120,0,120
"Samyama Unisex Organic Cotton Sadhana Half-Sleeve T-Shirt - Orange","Medium","0401161M",7,136,0,-17,119,0,119
"Bloom 24 Hours Skin Hydrating Organic Body Lotion With Hibiscus Extract (Normal to Dry Skin) - 100ml","Default Title","0116070",9,137.5,0,-25,112.5,0,112.5
"Unisex IE 7 Step T-shirt","L","CA0118700400",12,195,-68.16,-15,111.84,0,111.84
"Organic Dhoti Pant - Black","S","0201110S",5,110,0,0,110,0,110
"Organic Cotton Yoga Mat Cover","Default Title","0402041",11,110,0,0,110,0,110
"Nandi Statue","Default Title","0111106",5,110,0,0,110,0,110
"Organic Incense Nagachampa, 10 Sticks","Default Title","HO0027817001",73,109.5,0,0,109.5,0,109.5
"Shivanga Kit without Mala","Default Title","0111268",9,108,0,0,108,0,108
"Miracle of Mind T-shirt","S","CA01950",9,108,0,0,108,0,108
"Samyama Unisex Organic Cotton Half-sleeve Sadhana T-Shirt - White","Small","0401162S",7,105,0,0,105,0,105
"Organic Plain Dhoti Pant Indigo","S","0201228",3,105,0,0,105,0,105
"Organic Incense Bergamot, 10 Sticks","Default Title","HO0027600001",70,106.5,0,-1.5,105,0,105
"Miracle of Mind T-shirt","L","CA01950",9,108,-7.82,0,100.18,0,100.18
"Bond of grace","Default Title","BondofGrace",1,100,0,0,100,0,100
"Brass Tea Light Holder - Mango Leaf","Default Title","0105294",4,100,0,0,100,0,100
"Jeevarasam Pot Plate - Small","Default Title","0111052",4,100,0,0,100,0,100
"Body The Greatest Gadget / Mind Is Your Business","Default Title","9788184956955",9,110,0,-11,99,0,99
"Consecrated Adiyogi Silk Shawl","Default Title","0203316",1,99,0,0,99,0,99
"Men Organic Cotton Beige Knitted Drawstring Pants","M","0201106M",4,98,0,0,98,0,98
"Adiyogi - The Source of Yoga (English)","Default Title","9789352643929",7,98,0,0,98,0,98
"Men's Beige Hemp Kurta","38 / Beige","0201001BeigeS",4,98,0,0,98,0,98
"Copper Incense Stand","Default Title","0105006",7,112,0,-14,98,0,98
"Slim copper cuff. Traditional kada design. Made of pure copper","Default Title","0113891",8,96,0,0,96,0,96
"Samyama Womens Organic Cotton Sadhana Kurta - White","Small","0202535S",4,94.84,0,0,94.84,0,94.84
"Unisex IE 7 Step T-shirt","S","CA0118700200",10,150,-58.17,0,91.83,0,91.83
"Nandhi Ladies Kurta Off White","Small","0202545S",3,90,0,0,90,0,90
"Children’s Shanmukhi Rudraksha Beads - Six Faced","Default Title","RS0000500000",15,96,0,-6,90,0,90
"Handmade Neem Wood Comb with Handle (Wider teeth)","Default Title","0106734",15,90,0,0,90,0,90
"Handmade Neem Wood Comb with Handle (Narrow teeth)","Default Title","0106733",15,96,0,-6,90,0,90
"Nandhi Ladies Kurta Off White","Large","0202545L",3,90,0,0,90,0,90
"Unisex Moon Printed Track Pants - Dark Grey","Medium","0401140M",4,88,0,0,88,0,88
"Unisex Moon Printed Track Pants - Light Grey","Large","0401141L",4,88,0,0,88,0,88
"Unisex Cotton Ultimate Outlaw Printed T-shirt - Peach","L","0401149L",5,87.5,0,0,87.5,0,87.5
"Rose Powder Face Pack, 50 gm","Default Title","8905795000667",17,85,0,0,85,0,85
"Himalayan Lust","Default Title","9788184950762",7,84,0,0,84,0,84
"Snake Dhoop Stand (Copper)","Default Title","0111046",3,81,0,0,81,0,81
"Lotus Tea Light Holder - Brass Finish","Default Title","0105357Pink",2,80,0,0,80,0,80
"Organic Unisex Printed Dhoti Pant Indigo","L","0201233",2,120,0,-40,80,0,80
"Handmade Neem Wood Comb (Narrow Teeth)","Default Title","0106732",16,80,0,0,80,0,80
"Jeevarasam Pot Plate - Big","Default Title","0111050",2,80,0,0,80,0,80
"Hammered Copper Water Glass 400ml","Default Title","0105885",4,80,0,0,80,0,80
"Devi Turmeric - Big","Default Title","0111031",26,78,0,0,78,0,78
"Consecrated Adiyogi Abhaya sutra","Default Title","TC0000100000",38,76,0,0,76,0,76
"Beeswax Natural Oil Perfume - Jasmine Orient","Default Title","0110233",5,75,0,0,75,0,75
"Unisex Save Soil Logo Short Sleeve Organic Cotton Navy Blue T-Shirt","L","0401208 L",5,75,0,0,75,0,75
"Bloom Skin Deep Nourishing Organic Face Serum With Aloe Vera Extract & Turmeric (All Skin Types) - 30ml","Default Title","0116066",3,75,0,0,75,0,75
"Linga Bhairavi Yantra Sutra","Default Title","0111310",6,75,0,0,75,0,75
"Samyama Unisex Organic Cotton Sadhana Full-Sleeve T-Shirt - Orange","M","0401161",3,75,0,0,75,0,75
"More Than A Life: Sadhguru","Default Title","9780143421122",5,75,0,0,75,0,75
"Men Organic Cotton Beige Knitted Drawstring Pants","L","0201106L",3,73.5,0,0,73.5,0,73.5
"Men's Beige Hemp Kurta","40 / Beige","0201001BeigeM",3,73.5,0,0,73.5,0,73.5
"Life and Death in One Breath","Default Title","9788184954425",6,72,0,0,72,0,72
"Moon phases wall hanging - Horizontal","Default Title","0105962",3,72,0,0,72,0,72
"Samyama Mens Organic Cotton Sadhana Kurta - White","Large","0201119L",3,71.13,0,0,71.13,0,71.13
"Organic Plain Dhoti Pant Olive","XL",,2,70,0,0,70,0,70
"Organic Plain Dhoti Pant Olive","L",,2,70,0,0,70,0,70
"Organic Mens Om Kurta Maroon","S","0201201S",3,66,0,0,66,0,66
"Unisex Moon Printed Track Pants - Dark Grey","Small","0401140S",3,66,0,0,66,0,66
"Unisex Moon Printed Track Pants - Dark Grey","Large","0401140L",3,66,0,0,66,0,66
"Organic Dhoti Pant - Black","L","0201110L",3,66,0,0,66,0,66
"Organic Mens Om Kurta Maroon","M","0201201M",3,66,0,0,66,0,66
"Devi Abhishekam kit","Default Title","0114752",4,64,0,0,64,0,64
"Handcrafted Antique Brass Diya (Deepam)","Default Title","0105116",7,72,0,-9,63,0,63
"Bamboo Toothbrush - Kids","Default Title","0106738",12,65,0,-5,60,0,60
"Samyama Unisex Organic Cotton Half-sleeve Sadhana T-Shirt - White","Large","0401162L",4,60,0,0,60,0,60
"Nandhi Ladies Kurta Off White","Medium","0202545M",2,60,0,0,60,0,60
"Adiyogi Statue Metal - 4 inch - Antique Nickel","Default Title","TC0007517700",1,60,0,0,60,0,60
"Unisex Save Soil Long Sleeve T-Shirt","M","040112_LS_M",5,60,0,0,60,0,60
"Thread for Restringing Rudraksha Mala","Default Title","SILK_THREAD_RUDRAKSH",28,56,0,0,56,0,56
"Trishul Adjustable Brass Cuff","Default Title","CA0120300000",6,54,0,0,54,0,54
"Unisex Save Soil Short Sleeve T-Shirt","L","040112_SS_L",6,63,0,-9,54,0,54
"Adiyogi Chant Box & Night Lamp - Regular","Default Title","TC0008700400",3,54,0,0,54,0,54
"Unisex IE 7 Step T-shirt","XL","CA0118700500",6,90,-36.12,0,53.88,0,53.88
"Unisex Cotton Anand Copper Printed T-shirt - Olive","S","0401135S",3,52.5,0,0,52.5,0,52.5
"Melange T Shirt Moon Rose with Copper","S","0401133S",3,52.5,0,0,52.5,0,52.5
"Unisex Peach Cotton Ananta Copper Printed T-Shirt","M","0401134M",3,52.5,0,0,52.5,0,52.5
"Unisex Cotton Moon Silver Printed T-shirt - Dark Grey","S","0401131S",3,52.5,0,0,52.5,0,52.5
"Samyama Unisex Organic Cotton Sadhana Half-Sleeve T-Shirt - Orange","Large","0401161L",3,51,0,0,51,0,51
"Copper Water Bottle Engraved with Sadhguru Quote, 700 ml","Default Title","0111203",1,50,0,0,50,0,50
"Moringa Energy Bar - Pack of 10","Default Title","NF0012900000",5,50,0,0,50,0,50
"Nilibhrngadi Thailam (Hair Oil), 100 ml","Default Title","8905795000681",5,50,0,0,50,0,50
"Samyama Unisex Organic Cotton Sadhana Full-Sleeve T-Shirt - Orange","L","0401160",2,50,0,0,50,0,50
"Men's Black Hemp Kurta","Large","0201001BlackL",2,73.5,0,-24.5,49,0,49
"Women Organic Cotton Embroidered Aum Kurta - Pink","S","0202529S",2,49,0,0,49,0,49
"Women Organic Cotton Knitted Drawstring Pants - Beige","L","0202533L",2,49,0,0,49,0,49
"Handmade Neem Wood Comb (Two in one)","Default Title","0106735",7,56,0,-7,49,0,49
"Men Organic Cotton Knitted Drawstring Pants - White","M","0201105M",2,49,0,0,49,0,49
"Women Organic Cotton Knitted Drawstring Pants - Beige","M","0202533M",2,49,0,0,49,0,49
"Men Organic Cotton Beige Knitted Drawstring Pants","S","0201106S",2,73.5,0,-24.5,49,0,49
"Miracle of Mind T-shirt","XL","CA01950",6,72,-23.47,0,48.53,0,48.53
"Bloom Purifying & Acne Control Organic Face Wash With Neem & Tulsi Extract (Oily Skin) - 100ml","Default Title","0116059",3,48,0,0,48,0,48
"Indian Experience Towel - Big","Default Title","0402045",4,48,0,0,48,0,48
"Youth and Truth Journal - Grey","Default Title","MIS026-Grey",4,48,0,0,48,0,48
"Samyama Womens Organic Cotton Sadhana Kurta - White","Large","0202535L",2,71.13,0,-23.71,47.42,0,47.42
"Golden Diffuser Perfume Burner","Default Title","0601134",1,47,0,0,47,0,47
"Kundalini Charms Bracelet","Default Title","0113684",3,45,0,0,45,0,45
"Incense Holder Elm Leaf","Default Title","0601156",1,45,0,0,45,0,45
"Copper Tea Light Holder","Default Title","0105208",3,45,0,0,45,0,45
"Amla Tablet, 60 pcs - Immunity booster","Default Title","8905795001251",9,45,0,0,45,0,45
"Organic Mens Om Kurta Maroon","L","0201201L",2,44,0,0,44,0,44
"Unisex Moon Printed Track Pants - Light Grey","Medium","0401141M",2,44,0,0,44,0,44
"Organic Dhoti Pant - Black","XL","0201110XL",2,44,0,0,44,0,44
"Moringa Energy Bar","Default Title","NF0012800000",44,50,0,-6,44,0,44
"Copper Earring - Style 4","Default Title","0113505",4,40,0,0,40,0,40
"Organic Unisex Printed Dhoti Pant Indigo","S","0201233",1,40,0,0,40,0,40
"Wealthier Millet Diet Book","Default Title","8905795001497",8,45,0,-5,40,0,40
"Joy 24x7","Default Title","9788179929148",4,40,0,0,40,0,40
"Unisex IE 7 Step T-shirt","XS","CA0118700100",4,60,-22.05,0,37.95,0,37.95
"Men’s Organic Cotton Sadhana Pyjama - White","L","0201120L",1,36,0,0,36,0,36
"Womens Organic Cotton Sadhana Pyjama - White","S","0202536S",1,36,0,0,36,0,36
"Womens Organic Cotton Sadhana Pyjama - White","L","0202536L",1,36,0,0,36,0,36
"Unisex Cotton Moon Silver Printed T-shirt - Dark Grey","M","0401131M",2,35,0,0,35,0,35
"Indian Experience Meditation Mat","Default Title","0402059",1,70,0,-35,35,0,35
"Melange T Shirt Moon Rose with Copper","L","0401133L",2,35,0,0,35,0,35
"Unisex Peach Cotton Ananta Copper Printed T-Shirt","S","0401134S",2,35,0,0,35,0,35
"Unisex Black Adiyogi Printed Full Sleeve T-Shirt","L","0401177L",2,35,0,0,35,0,35
"Men Organic Cotton Embroidered Aum Kurta - White","M","0201102M",2,35,0,0,35,0,35
"Unisex Cotton Karma Copper Printed T-shirt - Grey","S","0401138S",2,35,0,0,35,0,35
"Unisex Blue Adiyogi Printed Full Sleeve T-Shirt","M","0401176M",2,35,0,0,35,0,35
"Unisex Cotton Moon Silver Printed T-shirt - Dark Grey","L","0401131L",2,35,0,0,35,0,35
"Copper Earring - Style 3","Default Title","0113504",3,30,0,0,30,0,30
"Surya Namaskar Mug","Default Title","0106501",3,30,0,0,30,0,30
"Unisex Save Soil Logo Short Sleeve Organic Cotton Navy Blue T-Shirt","S","0401208 S",2,30,0,0,30,0,30
"Unisex Save Soil Logo Short Sleeve Organic Cotton Navy Blue T-Shirt","M","0401208 M",2,30,0,0,30,0,30
"Unisex Save Soil Print Short Sleeve Organic Cotton Olive Green T-Shirt","S","CA0078100200",2,30,0,0,30,0,30
"Handmade Neem Wood Comb (Wider teeth)","Default Title","0106736",4,28,0,0,28,0,28
"Unisex 7 steps IE T-Shirt Chinese","M","CA0141100300",3,30,-4.69,0,25.31,0,25.31
"Men's Black Hemp Kurta","S","0201001BlackS",1,24.5,0,0,24.5,0,24.5
"Men's White Hemp Kurta","40 / White","0201001WhiteM",1,24.5,0,0,24.5,0,24.5
"Men's Black Hemp Kurta","XL","0201001BlackXL",1,24.5,0,0,24.5,0,24.5
"Men's Beige Hemp Kurta","44 / Beige","0201001BeigeXL",1,24.5,0,0,24.5,0,24.5
"Men's Black Hemp Kurta","Medium","0201001BlackM",1,24.5,0,0,24.5,0,24.5
"Men's Beige Hemp Kurta","42 / Beige","0201001BeigeL",1,24.5,0,0,24.5,0,24.5
"Women Organic Cotton Embroidered Aum Kurta - Coral","S","0202530S",1,24.5,0,0,24.5,0,24.5
"Men's White Hemp Kurta","42 / White","0201001WhiteL",1,24.5,0,0,24.5,0,24.5
"Midnights with the Mystic","Default Title","9788184951660",2,24,0,0,24,0,24
"Bloom Extra Nourishment & Protection Organic Hair Conditioner With Bamboo & Cucumber Extract (All Hair Types) - 100ml","Default Title","0116054",2,24,0,0,24,0,24
"Don't Polish Your Ignorance, It May Shine","Default Title","9788184952001",2,36,0,-12,24,0,24
"Samyama Womens Organic Cotton Sadhana Kurta - White","Medium","0202535M",1,23.71,0,0,23.71,0,23.71
"Encounter the Enlightened","Default Title","9788186685600",2,33,0,-11,22,0,22
"Flowers on the Path","Default Title","9788187910053",3,21,0,0,21,0,21
"Pancha Bhuta Yoga Mat Cover","Default Title","0402064",2,20,0,0,20,0,20
"Choker - Copper Style 2","Default Title","0113507",2,20,0,0,20,0,20
"Gel Magnets Design 2 - Sadhguru Quote 2","Default Title","0106511",2,20,0,0,20,0,20
"Linga Bhairavi with Bangles Photo Black (6x4)","Default Title","0111316",3,18,0,0,18,0,18
"Unisex Cotton Ultimate Outlaw Printed T-shirt - Peach","S","0401149S",1,17.5,0,0,17.5,0,17.5
"Bloom Cell Renewal Organic Face Wash With Apple & Papaya Extract (All Skin Types) - 100ml","Default Title","0116062",1,17.5,0,0,17.5,0,17.5
"Unisex Black Adiyogi Printed Full Sleeve T-Shirt","S","0401177S",1,17.5,0,0,17.5,0,17.5
"Unisex White Adiyogi Printed Full Sleeve T-Shirt","L","0401175L",1,35,0,-17.5,17.5,0,17.5
"Unisex Black Adiyogi Printed Full Sleeve T-Shirt","M","0401177M",1,17.5,0,0,17.5,0,17.5
"Melange Unisex Cotton That Which is Not Printed T-shirt - Olive","XL","0401148XL",1,17.5,0,0,17.5,0,17.5
"Unisex Cotton Karma Copper Printed T-shirt - Grey","M","0401138M",1,17.5,0,0,17.5,0,17.5
"Unisex Blue Adiyogi Printed Full Sleeve T-Shirt","L","0401176L",1,17.5,0,0,17.5,0,17.5
"Unisex Cotton Hatha Yoga Printed T-shirt - Ecru","S","0401152S",1,17.5,0,0,17.5,0,17.5
"Melange T Shirt Moon Rose with Copper","M","0401133M",1,17.5,0,0,17.5,0,17.5
"Unisex Cotton Karma Copper Printed T-shirt - Grey","L","0401138L",1,17.5,0,0,17.5,0,17.5
"Melange Unisex Cotton That Which is Not Printed T-shirt - Olive","L","0401148L",1,17.5,0,0,17.5,0,17.5
"Bloom Refreshing & Age Defence Shower Gel With Acai Berry Fruit Extract (All Skin Types) - 200ml","Default Title","0116067",1,35,0,-17.5,17.5,0,17.5
"Unisex Cotton Hatha Yoga Printed T-shirt - Ecru","L","0401152L",1,17.5,0,0,17.5,0,17.5
"Unisex Cotton Anand Copper Printed T-shirt - Olive","XL","0401135XL",1,17.5,0,0,17.5,0,17.5
"Unisex Cotton Ultimate Outlaw Printed T-shirt - Peach","XL","0401149XL",1,17.5,0,0,17.5,0,17.5
"Samyama Unisex Organic Cotton Sadhana Half-Sleeve T-Shirt - Orange","Small","0401161S",1,51,0,-34,17,0,17
"Unisex Save Soil Print Short Sleeve Organic Cotton Olive Green T-Shirt","M","CA0078100300",1,15,0,0,15,0,15
"Unisex Nandi Printed Organic Cotton T-Shirt - Off White","L","0401165 L",1,15,0,0,15,0,15
"Sukku Banam Coffee (Caffeine-free), 75 gm","Default Title","8908005905486",3,15,0,0,15,0,15
"Mystic Moon Copper Cuff Bracelet. A festive gift.","Default Title","0113889",1,14,0,0,14,0,14
"Bloom 24 Hours Skin Hydrating Organic Lotion With Mulberry Extract (Oily Skin) - 100ml","Default Title","0116069",1,25,0,-12.5,12.5,0,12.5
"Of Mystics and Mistakes","Default Title","9788184953084",1,24,0,-12,12,0,12
"Unisex Save Soil Long Sleeve T-Shirt","L","040112_LS_L",1,12,0,0,12,0,12
"Linga Bhairavi with Bangles Photo Black (8x12)","Default Title","0111317",1,12,0,0,12,0,12
"Unisex 7 steps IE T-Shirt Chinese","S","CA0141100200",1,10,0,0,10,0,10
"Indian Experience Towel - Small","Default Title","0402046",2,10,0,0,10,0,10
"Mystic Moon Key Chain","Default Title","0601073",2,10,0,0,10,0,10
"Unisex IE 7 Step T-shirt","XXL","CA0118700600",1,15,-5,0,10,0,10
"Adiyogi Fridge Magnet","Default Title","0106543",2,10,0,0,10,0,10
"Gel Magnets Design 1 - Sadhguru Quote 1","Default Title","0106510",1,10,0,0,10,0,10
"Copper Earring - Style 2","Default Title","0113503",1,10,0,0,10,0,10
"Unisex Save Soil Short Sleeve T-Shirt","M","040112_SS_M",1,9,0,0,9,0,9
"Thayir Sundi Capsule (Gastric Relief), 20 pcs","Default Title","8905795000919",2,28,0,-20,8,0,8
"Natural Homam (Havan) Incense, 5 Sticks","Default Title","0110216",2,8,0,0,8,0,8
"Luggage Tag - Surya Namaskar","Default Title","0106509",1,7,0,0,7,0,7
"Luggage Tag - Yoga","Default Title","0106513",1,7,0,0,7,0,7
"Unisex 7 steps IE T-Shirt Chinese","XL","CA0141100500",1,10,-4.69,0,5.31,0,5.31
"Coco shell mobile holder","Default Title",,1,5,0,0,5,0,5
"Printed Organic Cotton Bag (Play)","Default Title","0101474",1,4,0,0,4,0,4
"Adiyogi Key Chain","Default Title","0106536",1,3,0,0,3,0,3
"Aum Namah Shivaya Magnet","Default Title","0106544",1,3,0,0,3,0,3
"Thaai Mann - Consecrated Bhoomi for Sadhana Support","Default Title","0111286",-4,0,0,-20,-20,0,-20
"Samyama Mens Organic Cotton Sadhana Kurta - White","Medium","0201119M",-2,71.13,0,-118.55,-47.42,0,-47.42
"Samyama Mens Organic Cotton Sadhana Kurta - White","Small","0201119S",-5,0,0,-125,-125,0,-125
